id,Model,Year,Kmh,Color,Type,Fuel,Price
1,Hyundai Elantra HD,2009,"165,000",Gray,Automatic,Gasoline,"560,000"
2,Hyundai Elantra,2010,"194,000",Black,Automatic,Gasoline,"600,000"
3,Hyundai Elantra HD,2010,"205,000",Silver,Automatic,Gasoline,"575,000"
4,Hyundai Elantra,2010,"160,000",Black,Automatic,Gasoline,"550,000"
5,Hyundai Elantra,2009,"140,451",Eggplant,Automatic,Gasoline,"650,000"
6,Hyundai Elantra,2009,"380,000",Black,Automatic,Gasoline,"580,000"
7,Hyundai Elantra,2010,"220,000",Black,Automatic,Gasoline,"600,000"
8,Hyundai Elantra,2010,"200,000",Silver,Automatic,Gasoline,"600,000"
9,Hyundai Elantra,2010,"220,000",Black,Automatic,Gasoline,"570,000"
10,Hyundai Elantra HD,2009,"100,000",Bronze,Automatic,Gasoline,"475,000"
11,Hyundai Accent RB,2012,"138,000",Silver,Automatic,Gasoline,"540,000"
12,Hyundai Accent RB,2012,"188,000",Gray,Automatic,Gasoline,"530,000"
13,Hyundai Accent RB,2011,"220,000",Silver,Automatic,Gasoline,"530,000"
14,Hyundai Accent RB,2011,"179,000",Silver,Automatic,Gasoline,"715,000"
15,Hyundai Accent RB,2012,"125,800",Black,Automatic,Gasoline,"600,000"
16,Hyundai Accent RB,2012,"135,000",Silver,Automatic,Gasoline,"525,000"
17,Hyundai Accent RB,2012,"176,000",Red,Automatic,Gasoline,"550,000"
18,Hyundai Accent RB,2012,"161,000",Bronze,Manual,Gasoline,"430,000"
19,Hyundai Accent RB,2012,"145,000",Mocha,Automatic,Gasoline,"530,000"
20,Hyundai Accent RB,2012,"270,000",Cyan,Manual,Gasoline,"420,000"
21,Hyundai Accent ,2010,"280,000",Red,Automatic,Gasoline,"385,000"
22,Hyundai Accent ,2010,"240,000",Veronica,Manual,Gasoline,"350,000"
23,Hyundai Accent ,2010,"500,000",Silver,Manual,Gasoline,"315,000"
24,Hyundai Accent ,2009,"280,000",Red,Manual,Gasoline,"415,000"
25,Hyundai Accent ,2009,95000,Dark Blue,Automatic,Gasoline,"450,000"
26,Hyundai Accent ,2010,"148,000",Dark Red,Automatic,Gasoline,"460,000"
27,Hyundai Accent ,2010,"170,000",Silver,Automatic,Gasoline,"420,000"
28,Hyundai Verna,2014,"52,000",Silver,Manual,Gasoline,"420,000"
29,Hyundai Verna,2013,"260,000",Silver,Manual,Gasoline,"360,000"
30,Hyundai Verna,2013,"22,500",Black,Manual,Gasoline,"340,000"
31,Hyundai Verna,2014,"298,534",Silver,Manual,Gasoline,"270,000"
32,Hyundai Verna,2013,"400,000",Silver,Manual,Gasoline,"360,000"
33,Hyundai Verna,2013,"180,000",White,Manual,Gasoline,"270,000"
34,Hyundai Verna,2014,"110,000",Silver,Manual,Gasoline,"400,000"
35,Hyundai Verna,2014,"110,000",Mocha,Manual,Gasoline,"352,000"
36,Hyundai Verna,2018,"95,000",Dark Red,Automatic,Gasoline,"460,000"
37,Hyundai Verna,2019,"95,000",Silver,Manual,Gasoline,"595,000"
38,Hyundai Verna,2018,"377,000",Gray,Manual,Gasoline,"400,000"
39,Hyundai Atos,2010,"142,000",Silver,Manual,Gasoline,"310,000"
40,Hyundai Atos,2011,"114,000",Dark Red,Manual,Gasoline,"285,000"
41,Hyundai Atos,2010,"106,000",Silver,Manual,Gasoline,"300,000"
42,Hyundai Atos,2010,"93,000",Red,Manual,Gasoline,"283,000"
43,Hyundai Accent RB,2019,"105,300",Black,Automatic,Gasoline,"700,000"
44,Hyundai Accent RB,2019,"46,000",Red,Automatic,Gasoline,"670,000"
45,Hyundai Accent RB,2019,"150,000",Black,Automatic,Gasoline,"710,000"
46,KIA Cerato,2022,"55,000",Gray,Automatic,Gasoline,"1,220,000"
47,KIA Cerato,2022,"84,000",Blue,Automatic,Gasoline,"1,250,000"
48,KIA Cerato,2022,"57,000",Red,Automatic,Gasoline,"1,050,000"
49,KIA Cerato,2022,"54,000",Gray,Automatic,Gasoline,"1,100,000"
50,KIA Cerato,2022,"56,500",Silver,Automatic,Gasoline,"1,100,000"
51,KIA Cerato,2023,"20,000",Red,Automatic,Gasoline,"1,285,000"
52,KIA Cerato,2022,"75,000",White,Automatic,Gasoline,"1,220,000"
53,KIA Cerato,2022,"120,000",Veronica,Automatic,Gasoline,"1,050,000"
54,KIA Cerato,2023,"32,000",Silver,Automatic,Gasoline,"1,300,000"
55,KIA Cerato,2010,"125,000",Silver,Automatic,Gasoline,"650,000"
56,KIA Cerato,2010,"163,000",Red,Automatic,Gasoline,"600,000"
57,KIA Cerato,2009,"171,000",Silver,Automatic,Gasoline,"495,000"
58,KIA Cerato,2010,"77,000",Black,Automatic,Gasoline,"620,000"
59,KIA Cerato,2014,"99,000",Black,Automatic,Gasoline,"875,000"
60,KIA Cerato,2015,"92,000",Black,Automatic,Gasoline,"885,000"
61,KIA Cerato,2014,"195,000",Black,Automatic,Gasoline,"775,000"
62,KIA Cerato,2015,"150,000",Veronica,Automatic,Gasoline,"780,000"
63,KIA Cerato,2015,"140,000",Gray,Automatic,Gasoline,"765,000"
64,KIA Cerato,2014,"140,000",Silver,Automatic,Gasoline,"685,000"
65,KIA Cerato,2018,"93,000",White,Automatic,Gasoline,"885,000"
66,KIA Cerato,2019,"185,000",Dark Red,Automatic,Gasoline,"880,000"
67,KIA Cerato,2019,"100,000",White,Automatic,Gasoline,"955,000"
68,KIA Sol,2013,"114,000",White,Automatic,Gasoline,"750,000"
69,KIA Sol,2012,"320,000",Red,Automatic,Gasoline,"640,000"
70,KIA Sol,2013,"90,000",Red,Automatic,Gasoline,"750,000"
71,KIA Sol,2012,"228,000",Red,Automatic,Gasoline,"660,000"
72,KIA Sol,2012,"200,000",Black,Automatic,Gasoline,"875,000"
73,KIA Sol,2016,"100,000",Silver,Automatic,Gasoline,"900,000"
74,KIA Sol,2015,"130,000",Bronze,Automatic,Gasoline,"800,000"
75,KIA Sol,2016,"80,000",White,Automatic,Gasoline,"835,000"
76,KIA Sol,2015,"70,000",White,Automatic,Gasoline,"965,000"
77,KIA Sol,2015,"100,000",Black,Automatic,Gasoline,"850,000"
78,KIA Sol,2016,"152,000",Gray,Automatic,Gasoline,"850,000"
79,KIA Picanto,2010,"148,000",Blue,Automatic,Gasoline,"500,000"
80,KIA Picanto,2009,"156,000",Silver,Automatic,Gasoline,"410,000"
81,KIA Picanto,2010,"230,000",Black,Manual,Gasoline,"350,000"
82,KIA Picanto,2010,"30,000",Bronze,Manual,Gasoline,"420,000"
83,KIA Picanto,2009,"114,000",Silver,Automatic,Gasoline,"415,000"
84,KIA Picanto,2009,"93,000",Silver,Automatic,Gasoline,"450,000"
85,KIA Picanto,2010,"127,000",Black,Automatic,Gasoline,"450,000"
86,KIA Picanto,2010,"115,000",Black,Automatic,Gasoline,"410,000"
87,KIA Picanto,2015,"49,000",Silver,Automatic,Gasoline,"570,000"
88,KIA Picanto,2014,"189,000",White,Automatic,Gasoline,"490,000"
89,KIA Picanto,2015,"94,000",Silver,Automatic,Gasoline,"550,000"
90,KIA Picanto,2014,"118,000",Silver,Automatic,Gasoline,"650,000"
91,KIA Picanto,2015,"100,000",Yellow,Automatic,Gasoline,"525,000"
92,KIA Rio,2019,"65,000",White,Automatic,Gasoline,"810,000"
93,KIA Rio,2019,"133,000",Veronica,Automatic,Gasoline,"720,000"
94,KIA Rio,2020,"79,000",Red,Automatic,Gasoline,"825,000"
95,KIA K3,2017,"130,000",Black,Automatic,Gasoline,"790,000"
96,KIA K3,2017,"122,000",Black,Automatic,Gasoline,"850,000"
97,KIA K3,2016,"95,000",White,Automatic,Gasoline,"765,000"
98,KIA K3,2016,"80,000",Petroleum,Automatic,Gasoline,"885,000"
99,Nissan Qashqai,2018,"85,000",Brown,Automatic,Gasoline,"980,000"
100,KIA Sporatge,2019,"65,000",Dark Grey,Automatic,Gasoline,"1,400,000"
101,Hyundai Tucson Turbo GDI,2019,"103,000",Red,Automatic,Gasoline,"1,495,000"
102,Skoda Octavia A8,2022,"107,000",Dark Blue,Automatic,Gasoline,"1,620,000"
103,KIA Sporatge,2023,"62,000",Dark Green,Automatic,Gasoline,"1,870,000"
104,Nissan Sunny,2024,"6,000",Red,Automatic,Gasoline,"780,000"
105,Nissan Centra,2018,"110,000",Black,Automatic,Gasoline,"685,000"
106,Nissan Sunny,2022,"65,000",Red,Automatic,Gasoline,"635,000"
107,Honda City,2021,"45,000",Gray,Automatic,Gasoline,"1,000,000"
108,Mercedes GLC 250,2019,"61,000",Silver,Automatic,Gasoline,"3,500,000"
109,Volvo XC60,2018,"110,000",Dark Red,Automatic,Gasoline,"1,950,000"
110,Peugeot 308,2016,"110,000",Silver,Automatic,Gasoline,"820,000"
111,Ford Focus,2014,"198,000",Brown,Automatic,Gasoline,"540,000"
112,Nissan Sunny,2020,"127,000",Gray,Automatic,Gasoline,"565,000"
113,Ssang Yong Torres,2023,"4,700",Black,Automatic,Gasoline,"1,750,000"
114,Chevrolet Optra,2017,"79,000",Dark Blue,Automatic,Gasoline,"520,000"
115,KIA Carens,2024,"4,100",Dark Grey,Automatic,Gasoline,"1,540,000"
116,Volkswagen Tiguan,2023,"23,000",Dark Blue,Automatic,Gasoline,"2,480,000"
117,Chevrolet Captiva,2021,"100,000",Black,Automatic,Gasoline,"1,075,000"
118,Mercedes GLC 200,2020,"49,000",Black,Automatic,Gasoline,"3,700,000"
119,Mercedes E 200 AMG,2021,"25,000",Black,Automatic,Gasoline,"4,200,000"
120,Hyundai Tucson Turbo GDI,2024,"3,000",Silver,Automatic,Gasoline,"2,140,000"
121,Audi Q7,2021,"70,000",Silver,Automatic,Gasoline,"4,000,000"
122,Opel Crossland,2022,"37,000",Black,Automatic,Gasoline,"950,000"
123,Hyundai Tucson,2022,"48,000",White,Automatic,Gasoline,"1,650,000"
124,Mercedes E 200,2021,"35,000",Black,Automatic,Gasoline,"3,700,000"
125,Renault Megane,2017,"120,000",Black,Automatic,Gasoline,"735,000"
126,Nissan Sunny,2020,"98,000",Silver,Automatic,Gasoline,"565,000"
127,Toyota Corolla,2021,"141,000",Black,Automatic,Gasoline,"1,250,000"
128,Jeep Renegade,2017,"122,000",White,Automatic,Gasoline,"970,000"
129,Chevrolet Aveo,2013,"55,000",Dark Grey,Manual,Gasoline,"450,000"
130,Hyundai Creta SU2,2021,"89,000",White,Automatic,Gasoline,"1,225,000"
131,Chery Tiggo 7,2022,"15,000",Dark Grey,Automatic,Gasoline,"960,000"
132,Mercedes C 180,2011,"210,000",Dark Grey,Automatic,Gasoline,"1,250,000"
133,Opel Insignia,2019,"86,000",Silver,Automatic,Gasoline,"1,175,000"
134,Peugeot 3008,2021,"50,000",White,Automatic,Gasoline,"1,750,000"
135,Peugeot  508,2020,"112,000",White,Automatic,Gasoline,"1,450,000"
136,Chery Arrizo 5,2024,"3,000",Red,Automatic,Gasoline,"770,000"
137,Toyota Corolla,2010,"195,000",Cyan,Automatic,Gasoline,"565,000"
138,Mitsubishi Xpander,2022,"200,000",Silver,Automatic,Gasoline,"900,000"
139,Peugeot 3008,2021,"70,000",White,Automatic,Gasoline,"1,760,000"
140,Audi Q3,2021,"100,000",Gray,Automatic,Gasoline,"2,000,000"
141,Nissan Juke,2022,"55,000",Dark Red,Automatic,Gasoline,"1,200,000"
142,Toyota Corolla,2020,"145,000",Silver,Automatic,Gasoline,"960,000"
143,Nissan Sunny,2021,"60,000",Champange,Automatic,Gasoline,"650,000"
144,Chevrolet Lanos,2015,"162,000",Dark Red,Manual,Gasoline,"355,000"
145,Hyundai Elantra MD,2012,"100,000",Black,Automatic,Gasoline,"750,000"
146,BMW 320,2017,"130,000",Dark Blue,Automatic,Gasoline,"1,750,000"
147,Skoda Kodiaq,2024,95000,White,Automatic,Gasoline,"3,350,000"
148,Audi A3,2015,"126,000",Silver,Automatic,Gasoline,"1,200,000"
149,Jeep Grand Cherokee,2021,"98,000",White,Automatic,Gasoline,"3,600,000"
150,Hyundai Elantra HD,2023,95000,Dark Grey,Automatic,Gasoline,"980,000"
151,KIA Carens,2012,"210,000",White,Automatic,Gasoline,"700,000"
152,KIA Sporatge,2023,"12,000",Silver,Automatic,Gasoline,"1,970,000"
153,KIA Sorento,2023,"13,500",Silver,Automatic,Gasoline,"2,270,000"
154,KIA Carnival,2024,"7,000",Black,Automatic,Gasoline,"2,990,000"
155,KIA Rio,2019,"50,000",Red,Automatic,Gasoline,"850,000"
156,KIA Sporatge,2023,"29,000",Silver,Automatic,Gasoline,"3,500,000"
157,Fiat Tipo,2021,"70,000",Black,Automatic,Gasoline,"825,000"
158,BMW 318,2016,"88,000",Mocha,Automatic,Gasoline,"1,100,000"
159,Chevrolet Optra,2018,"113,000",Dark Red,Automatic,Gasoline,"465,000"
160,Honda Civic,2009,"150,000",Black,Automatic,Gasoline,"650,000"
161,Hyundai Elantra MD,2013,"130,000",Gold,Automatic,Gasoline,"670,000"
162,Toyota Corolla,2018,"230,000",Dark Red,Automatic,Gasoline,"880,000"
163,Nissan Juke,2022,"60,000",White,Automatic,Gasoline,"1,070,000"
164,Nissan Centra,2021,"86,000",Silver,Automatic,Gasoline,"790,000"
165,Audi Q7,2022,"34,500",Silver,Automatic,Gasoline,"4,800,000"
166,Opel Grandland,2022,"50,000",Red,Automatic,Gasoline,"1,550,000"
167,Mercedes C 180,2022,"18,000",White,Automatic,Gasoline,"855,000"
168,Seat Ibiza,2011,"200,000",Gray,Automatic,Gasoline,"450,000"
169,Mercedes CLE 200,2024,95000,Black,Automatic,Gasoline,"4,550,000"
170,Mercedes CLA 200,2024,95000,White,Automatic,Gasoline,"3,350,000"
171,BMW X1,2024,95000,Blue,Automatic,Gasoline,"3,300,000"
172,Audi Q3,2024,95000,Black,Automatic,Gasoline,"2,550,000"
173,Jeep Grand Cherokee,2012,"210,000",White,Automatic,Gasoline,"1,250,000"
174,BMW 318,2011,"340,000",Dark Red,Automatic,Gasoline,"850,000"
175,Ford Focus,2012,"200,000",Black,Automatic,Gasoline,"490,000"
176,KIA Sporatge,2013,"145,000",Orange,Automatic,Gasoline,"890,000"
177,Daewoo Lanos,2009,"200,000",Dark Red,Manual,Gasoline,"220,000"
178,KIA Rio,2013,"133,000",Red,Automatic,Gasoline,"610,000"
179,Chevrolet Optra,2019,"102,000",Bronze,Automatic,Gasoline,"550,000"
180,Skoda Kodiaq,2021,"33,700",Gray,Automatic,Gasoline,"2,500,000"
181,Nissan Centra,2021,"75,000",Red,Automatic,Gasoline,"950,000"
182,Renault Kadjar,2021,"80,000",White,Automatic,Gasoline,"1,400,000"
183,Speranza Tiggo,2010,"130,000",Silver,Automatic,Gasoline,"390,000"
184,Chevrolet Optra,2023,"43,000",Dark Blue,Automatic,Gasoline,"650,000"
185,Chevrolet Optra,2022,"87,000",Silver,Automatic,Gasoline,"645,000"
186,KIA Carens,2024,"4,100",Dark Grey,Automatic,Gasoline,"1,540,000"
187,Chevrolet Optra,2020,"120,000",Dark Blue,Automatic,Gasoline,"475,000"
188,KIA Carens,2012,"210,000",White,Automatic,Gasoline,"700,000"
189,Hyundai Elantra,2016,"130,000",Silver,Automatic,Gasoline,"740,000"
190,Hyundai Matrix,2010,"158,000",Silver,Automatic,Gasoline,"575,000"
191,Opel Crossland,2020,"98,000",Dark Blue,Automatic,Gasoline,"850,000"
192,Mahindra Scorpio,2010,"143,000",Black,Automatic,Gasoline,"325,000"
193,Renault Duster,2019,"95,000",White,Automatic,Gasoline,"840,000"
194,Skoda Kodiaq,2019,"109,000",White,Automatic,Gasoline,"2,050,000"
195,Skoda Kodiaq,2024,30,Gray,Automatic,Gasoline,"2,950,000"
196,Hyundai Matrix,2009,"102,000",Silver,Automatic,Gasoline,"375,000"
197,Chevrolet Optra,2021,"21,000",Silver,Automatic,Gasoline,"700,000"
198,Skoda Octavia A8,2021,"34,000",Dark Grey,Automatic,Gasoline,"1,600,000"
199,Speranza A113,2012,"197,000",Dark Red,Manual,Gasoline,"240,000"
200,Mercedes GLS ,2021,"65,000",White,Automatic,Gasoline,"7,000,000"
201,Renault Sandero Step Way,2016,"157,000",Black,Automatic,Gasoline,"480,000"
202,KIA Sporatge,2024,"23,000",Gray,Automatic,Gasoline,"1,900,000"
203,Hyundai Accent RB,2016,"190,000",Blue,Automatic,Gasoline,"580,000"
204,Geely Cool Ray,2024,"22,000",Red,Automatic,Gasoline,"1,275,000"
205,Mitsubishi Lancer EX Shark,2016,"145,000",Silver,Automatic,Gasoline,"750,000"
206,Mitsubishi Lancer EX Shark,2015,"195,000",Silver,Automatic,Gasoline,"640,000"
207,BYD F3,2013,"155,000",Silver,Manual,Gasoline,"300,000"
208,BYD F3,2013,"500,000",White,Manual,Gasoline,"255,000"
209,Hyundai Elantra MD,2013,"130,000",Gold,Automatic,Gasoline,"670,000"
210,Geely Emgrand 7,2015,"175,000",Green,Manual,Gasoline,"325,000"
211,Mini Cooper,2024,"28,000",Red,Automatic,Gasoline,"2,300,000"
212,Chevrolet Optra,2022,"103,000",Bronze,Automatic,Gasoline,"650,000"
213,KIA Sporatge,2021,"65,000",Black,Automatic,Gasoline,"1,580,000"
214,Hyundai Tucson Turbo GDI,2019,"103,000",Gray,Automatic,Gasoline,"1,370,000"
215,Chevrolet Malibu,2019,"119,000",White,Automatic,Gasoline,"1,180,000"
216,KIA Cerato,2016,"135,000",Petroleum,Automatic,Gasoline,"810,000"
217,Chevrolet Lanos,2010,"126,000",Dark Grey,Manual,Gasoline,"250,000"
218,KIA Carnival,2013,"224,000",Silver,Automatic,Gasoline,"880,000"
219,Toyota Auris,2013,"203,000",Black,Automatic,Gasoline,"600,000"
220,Chery Tiggo 7 Pro,2023,50,Red,Automatic,Gasoline,"1,370,000"
221,Haval H6,2022,"50,000",White,Automatic,Gasoline,"1,400,000"
222,Chevrolet Aveo,2014,"124,000",Silver,Automatic,Gasoline,"400,000"
223,KIA Xceed,2017,"180,000",Bronze,Automatic,Gasoline,"640,000"
224,Renault Kadjar,2017,"130,000",White,Automatic,Gasoline,"895,000"
225,Peugeot 508,2020,"112,000",White,Automatic,Gasoline,"1,450,000"
226,Chevrolet Optra,2011,"175,000",Gray,Automatic,Gasoline,"385,000"
227,Haval Jolion,2022,"57,000",Gray,Automatic,Gasoline,"1,150,000"
228,Nissan Sunny,2017,"168,000",Silver,Automatic,Gasoline,"530,000"
229,Honda City,2020,"140,000",Silver,Automatic,Gasoline,"890,000"
230,Zotye T600,2019,"92,000",White,Automatic,Gasoline,"715,000"
231,Alfa Romeo Stelvio,2024,"20,000",White,Automatic,Gasoline,"3,600,000"
232,Biac M60,2020,"249,000",White,Automatic,Gasoline,"825,000"
233,Volkswagen Tiguan,2024,1,Silver,Automatic,Gasoline,"2,700,000"
234,Hyundai Elantra AD,2025,10,Blue,Automatic,Gasoline,"1,095,000"
235,MG MG 4,2024,10,Black,Automatic,Gasoline,"1,625,000"
236,Lada Granta,2021,"64,000",Red,Manual,Gasoline,"950,000"
237,Skoda Octavia A7,2014,"194,000",Blue,Automatic,Gasoline,"820,000"
238,KIA Sporatge,2023,"13,500",Silver,Automatic,Gasoline,"2,270,000"
239,Peugeot 2008,2022,"79,000",White,Automatic,Gasoline,"1,400,000"
240,BMW 320,2016,"18,000",Dark Red,Automatic,Gasoline,"1,350,000"
241,Hyundai Getz,2009,"30,000",Silver,Automatic,Gasoline,"620,000"
242,Nissan Qashqai,2017,"140,000",Purple,Automatic,Gasoline,"795,000"
243,Fiat Tipo,2020,"80,000",Bronze,Manual,Gasoline,"560,000"
244,Toyota Corolla,2016,"57,000",Silver,Automatic,Gasoline,"960,000"
245,Toyota Corolla,2015,"150,000",White,Automatic,Gasoline,"980,000"
246,Toyota Corolla,2015,"199,000",Silver,Automatic,Gasoline,"840,000"
247,Toyota Corolla,2015,"195,000",Silver,Automatic,Gasoline,"835,000"
248,Chevrolet Spark,2010,"200,000",Red,Manual,Gasoline,"220,000"
249,Chevrolet Spark,2009,"146,000",Blue,Manual,Gasoline,"235,000"
250,Chevrolet Spark,2010,"78,000",Silver,Manual,Gasoline,"250,000"
251,Mercedes C 180,2011,"210,000",Dark Grey,Automatic,Gasoline,"1,200,000"
252,Mercedes C 180,2010,"159,000",Silver,Automatic,Gasoline,"1,290,000"
253,Fiat Punta,2016,"175,000",Silver,Automatic,Gasoline,"500,000"
254,Fiat Punta,2016,"220,000",Black,Automatic,Gasoline,"470,000"
255,Fiat Punta,2016,"83,000",White,Automatic,Gasoline,"580,000"
256,Renault Logan,2019,"96,000",Dark Blue,Automatic,Gasoline,"460,000"
257,Renault Logan,2019,"89,000",Silver,Automatic,Gasoline,"590,000"
258,Renault Logan,2018,"183,000",Red,Automatic,Gasoline,"450,000"
259,Daewoo Lacetti,2009,"206,000",Silver,Automatic,Gasoline,"350,000"
260,Daewoo Lacetti,2009,"278,000",Black,Automatic,Gasoline,"480,000"
261,Honda City,2015,"200,000",Brown,Automatic,Gasoline,"750,000"
262,Honda City,2014,"159,000",Black,Automatic,Gasoline,"650,000"
263,Honda City,2014,"250,000",Black,Automatic,Gasoline,"257,000"
264,Honda Accord,2022,"27,500",Red,Automatic,Gasoline,"1,900,000"
265,Honda Accord,2022,"44,000",Petroleum,Automatic,Gasoline,"1,750,000"
266,Nissan Tiida,2013,"155,000",Red,Automatic,Gasoline,"520,000"
267,Nissan Tiida,2013,"180,000",Red,Automatic,Gasoline,"560,000"
268,BMW X1,2015,"130,000",Black,Automatic,Gasoline,"985,000"
269,BMW X1,2015,"126,000",Silver,Manual,Gasoline,"1,200,000"
270,BMW X1,2015,"170,000",Dark Grey,Automatic,Gasoline,"1,200,000"
271,KIA Grand Cerato,2022,125,White,Automatic,Gasoline,"1,149,000"
272,Toyota C-HR,2017,"115,000",Silver,Automatic,Gasoline,"1,000,000"
273,Nissan Juke,2022,"88,000",Silver,Automatic,Gasoline,"1,060,000"
274,KIA Carens,2013,"35,000",Black,Automatic,Gasoline,"795,000"
275,Hyundai Tucson,2019,"120,000",Brown,Automatic,Gasoline,"1,370,000"
276,KIA Sporatge,2021,"70,000",Dark Blue,Automatic,Gasoline,"1,550,000"
277,Chery Tiggo,2017,"165,000",Black,Automatic,Gasoline,"530,000"
278,Nissan Qashqai,2013,"168,800",Brown,Automatic,Gasoline,"695,000"
279,Mercedes E 300,2021,"8,000",Black,Automatic,Gasoline,"5,500,000"
280,Nissan Sunny,2021,"70,000",Silver,Automatic,Gasoline,"620,000"
281,BMW X1,2017,"120,000",Black,Automatic,Gasoline,"1,500,000"
282,Audi A3,2016,"113,000",Silver,Automatic,Gasoline,"1,250,000"
283,Audi A3,2015,"126,000",Silver,Automatic,Gasoline,"1,200,000"
284,KIA K3,2014,"130,000",Bronze,Automatic,Gasoline,"675,000"
285,KIA K3,2013,"80,000",White,Automatic,Gasoline,"495,000"
286,KIA K3,2014,"243,000",Dark Grey,Automatic,Gasoline,"700,000"
287,KIA Forte,2011,"107,000",White,Automatic,Gasoline,"760,000"
288,KIA Forte,2010,"102,000",Gray,Automatic,Gasoline,"450,000"
289,Toyota Rush,2020,"100,000",White,Automatic,Gasoline,"1,250,000"
290,Toyota Rush,2020,"126,000",Bronze,Automatic,Gasoline,"1,200,000"
291,Renault Kadjar,2019,"65,000",Red,Automatic,Gasoline,"1,050,000"
292,Renault Kadjar,2020,"120,000",White,Automatic,Gasoline,"1,025,000"
293,Fiat 500 X,2019,"70,000",Red,Automatic,Gasoline,"1,150,000"
294,Fiat 500 X,2020,"87,000",Blue,Automatic,Gasoline,"1,080,000"
295,Fiat 500 X,2020,"210,000",Black,Automatic,Gasoline,"1,050,000"
296,Baic X3,2022,"68,000",White,Automatic,Gasoline,"720,000"
297,Baic X3,2022,"34,000",Dark Blue,Automatic,Gasoline,"750,000"
298,Chery Arrizo 5,2021,"66,000",Eggplant,Automatic,Gasoline,"565,000"
299,Chery Arrizo 5,2020,"172,000",Silver,Automatic,Gasoline,"470,000"
300,Ford Focus,2010,"193,000",Black,Automatic,Gasoline,"455,000"
301,Ford Focus,2010,"350,000",Blue,Automatic,Gasoline,"470,000"
302,Chery Tiggo 8 pro,2023,"6,000",White,Automatic,Gasoline,"1,350,000"
303,Chery Arrizo 5,2020,"155,000",Gold,Automatic,Gasoline,"390,000"
304,Fiat Tipo,2020,"57,000",Brown,Automatic,Gasoline,"870,000"
305,Toyota Corolla,2024,400,Dark Blue,Automatic,Gasoline,"1,785,000"
306,KIA Grand Cerato,2022,"125,000",White,Automatic,Gasoline,"1,149,000"
307,KIA Sorento,2024,"7,500",White,Automatic,Gasoline,"3,350,000"
308,KIA Grand Cerato,2022,"84,000",Blue,Automatic,Gasoline,"1,250,000"
309,Chevrolet Aveo,2019,"95,000",Silver,Automatic,Gasoline,"540,000"
310,Speranza M11,2011,"300,000",Black,Manual,Gasoline,"200,000"
311,Hyundai Elantra MD,2012,"131,000",Silver,Automatic,Gasoline,"635,000"
312,Daihatsu Terios,2013,"65,000",White,Automatic,Gasoline,"800,000"
313,Nissan Centra,2025,"8,000",Red,Automatic,Gasoline,"950,000"
314,MG ZS,2021,"34,000",Blue,Automatic,Gasoline,"975,000"
315,Hyundai Tucson GDI,2019,"125,000",Brown,Automatic,Gasoline,"1,375,000"
316,Hyundai Elantra CN7,2022,"49,000",Petroleum,Automatic,Gasoline,"1,300,000"
317,Honda Civic,2017,"106,000",Dark Red,Automatic,Gasoline,"1,180,000"
318,BYD F3,2023,"5,000",Black,Manual,Gasoline,"540,000"
319,KIA Picanto,2013,"93,000",Red,Automatic,Gasoline,"525,000"
320,KIA Sorento,2024,"6,900",White,Automatic,Gasoline,"2,885,000"
321,Renault Kadjar,2020,"119,000",White,Automatic,Gasoline,"995,000"
322,MG HS,2021,"100,000",White,Automatic,Gasoline,"1,175,000"
323,KIA Cerato,2024,95000,Silver,Automatic,Gasoline,"1,430,000"
324,Mercedes E Class,2025,95000,Green,Automatic,Gasoline,"6,000,000"
325,Hyundai Elantra MD,2013,"110,000",Dark Red,Automatic,Gasoline,"690,000"
326,Nissan Sunny,2017,"160,000",Black,Automatic,Gasoline,"510,000"
327,Hyundai Elantra,2023,"34,894",Gray,Automatic,Gasoline,"976,000"
328,Hyundai Elantra,2023,"4,609",White,Automatic,Gasoline,"992,000"
329,Skoda Superb,2022,"95,000",Dark Grey,Automatic,Gasoline,"1,960,000"
330,Jetour X70 Plus,2022,"25,000",Black,Automatic,Gasoline,"1,130,000"
331,Land Rover Range Rover Sport,2016,"105,000",Silver,Automatic,Gasoline,"3,600,000"
332,Nissan Sunny,2008,"300,000",Silver,Automatic,Gasoline,"380,000"
333,Peugeot 3008,2025,95000,White,Automatic,Gasoline,"1,900,000"
334,KIA K3,2024,"5,970",Silver,Automatic,Gasoline,"879,000"
335,Renault Megane,2020,"171,200",Red,Automatic,Gasoline,"1,200,000"
336,Peugeot 301,2021,"56,500",Black,Automatic,Gasoline,"790,000"
337,Nissan Sunny,2024,"3,000",Silver,Automatic,Gasoline,"800,000"
338,BMW 320,2023,"29,000",Silver,Automatic,Gasoline,"2,950,000"
339,Nissan Qashqai,2021,"60,000",Dark Blue,Automatic,Gasoline,"1,300,000"
340,Haval Jolion,2022,"113,000",Silver,Automatic,Gasoline,"1,060,000"
341,Speranza A516,2009,"149,000",Black,Automatic,Gasoline,"285,000"
342,KIA Sporatge,2021,"445,000",Black,Automatic,Gasoline,"1,795,000"
343,Renault Sandero Step Way,2017,"97,000",Blue,Automatic,Gasoline,"590,000"
344,Ford Fiesta,2019,"130,000",Black,Automatic,Gasoline,"725,000"
345,Volkswagen Passat,2022,"4,300",Silver,Automatic,Gasoline,"2,300,000"
346,Opel Vectra,2008,"264,000",Black,Automatic,Gasoline,"415,000"
347,Mercedes C 200,2023,"13,000",Black,Automatic,Gasoline,"3,600,000"
348,Hyundai Elantra MD,2012,"165,000",Silver,Automatic,Gasoline,"695,000"
349,Mitsubishi Lancer EX Shark,2016,"215,000",Dark Red,Automatic,Gasoline,"745,000"
350,Mercedes C 200,2022,"60,000",Black,Automatic,Gasoline,"3,200,000"
351,Peugeot 5008,2021,"97,000",Red,Automatic,Gasoline,"1,775,000"
352,MG Rx5,2019,"120,000",Black,Automatic,Gasoline,"960,000"
353,Volkswagen Jetta,2012,"274,000",Black,Automatic,Gasoline,"750,000"
354,KIA Cerato,2018,"126,000",Black,Automatic,Gasoline,"760,000"
355,Opel Astra,2015,"209,000",Green,Automatic,Gasoline,"620,000"
356,Hyundai l10,2009,"5,000",Silver,Automatic,Gasoline,"570,000"
357,Toyota Corolla,2020,"103,000",Silver,Automatic,Gasoline,"1,125,000"
358,Hyundai lX 35,2016,"150,000",Dark Red,Automatic,Gasoline,"1,030,000"
359,Peugeot 3008,2020,"85,000",Gray,Automatic,Gasoline,"1,530,000"
360,Hyundai Elantra CN7,2021,"55,000",Red,Automatic,Gasoline,"1,290,000"
361,Toyota Hilux,2023,95000,White,Automatic,Gasoline,"2,200,000"
362,Skoda Kodiaq,2023,"5,000",Gray,Automatic,Gasoline,"2,700,000"
363,Mitsubishi Lancer EX Shark,2018,"134,000",Silver,Automatic,Gasoline,"735,000"
364,Chevrolet Cruze,2016,"170,000",Black,Automatic,Gasoline,"600,000"
365,Mercedes B 180,2021,"54,053",White,Automatic,Gasoline,"1,950,000"
366,KIA Cerato,2018,"126,784",Dark Blue,Automatic,Gasoline,"850,000"
367,Skoda Kodiaq,2020,"122,278",Black,Automatic,Gasoline,"2,040,000"
368,Jeep Cherokee,2011,"188,730",Black,Automatic,Gasoline,"930,000"
369,Toyota Corolla,2018,"176,664",Gray,Automatic,Gasoline,"867,000"
370,Jac JS4,2022,"42,619",Red,Automatic,Gasoline,"840,000"
371,Seat Leon,2020,"136,714",Red,Automatic,Gasoline,"1,326,000"
372,Audi A5,2018,"133,675",Dark Red,Automatic,Gasoline,"1,836,000"
373,Jeep Grand Cherokee,2021,"111,138",Black,Automatic,Gasoline,"3,670,000"
374,Jeep Grand Cherokee,2022,"61,541",Gray,Automatic,Gasoline,"3,800,000"
375,Fiat Tipo,2021,"125,927",Silver,Automatic,Gasoline,"796,000"
376,BMW X1,2014,"155,227",Dark Grey,Automatic,Gasoline,"1,020,000"
377,MG ZS,2020,"219,000",Red,Automatic,Gasoline,"850,000"
378,Hyundai Verna,2012,"206,000",Silver,Manual,Gasoline,"345,000"
379,Skoda Octivia A7,2015,"242,000",Silver,Automatic,Gasoline,"860,000"
380,Mitsubishi Lancer EX Shark,2016,"215,000",Dark Red,Automatic,Gasoline,"735,000"
381,Citroen C4 Grand Picasso,2020,"80,000",White,Automatic,Gasoline,"1,150,000"
382,MG ZS,2020,"72,000",Black,Automatic,Gasoline,"825,000"
383,Daewoo Nubria 2,2009,"118,000",Gold,Manual,Gasoline,"305,000"
384,Ford Focus,2018,"164,000",Dark Grey,Automatic,Gasoline,"760,000"
385,KIA Sorento,2021,"60,000",Dark Grey,Automatic,Gasoline,"2,050,000"
386,Subaru XV,2018,"200,000",White,Automatic,Gasoline,"1,150,000"
387,Mercedes E 200,2024,"8,000",Black,Automatic,Gasoline,"4,700,000"
388,Citroen C3,2020,"62,000",Silver,Automatic,Gasoline,"750,000"
389,Ford Focus,2018,"164,000",Dark Grey,Automatic,Gasoline,"760,000"
390,Skoda Fantasia,2013,"125,000",Black,Automatic,Gasoline,"770,000"
391,Chery Tiggo 3,2017,"86,000",Black,Automatic,Gasoline,"550,000"
392,Peugeot 508,2020,"120,000",White,Automatic,Gasoline,"1,375,000"
393,MG 5,2022,"43,000",Blue,Automatic,Gasoline,"850,000"
394,Suzuki Van,2022,"40,000",Red,Manual,Gasoline,"349,000"
395,Chery Tiggo 7,2023,"73,000",Silver,Automatic,Gasoline,"955,000"
396,Chevrolet Optra,2016,"240,000",Dark Grey,Automatic,Gasoline,"475,000"
397,BMW 528,2011,"225,000",Dark Blue,Automatic,Gasoline,"1,300,000"
398,MG 5,2022,"60,000",Blue,Automatic,Gasoline,"930,000"
399,Chery Tiggo 7,2022,"47,000",Dark Red,Automatic,Gasoline,"830,000"
400,Nissan Qashqai,2019,"120,000",Mocha,Automatic,Gasoline,"930,000"
401,Xpeng G9,2024,"1,000",Black,Automatic,Gasoline,"3,325,000"
402,KIA Picanto,2009,"230,000",Gray,Automatic,Gasoline,"450,000"
403,KIA Sporatge,2020,"70,000",Red,Automatic,Gasoline,"1,675,000"
404,Toyota Corolla,2022,"66,000",Petroleum,Automatic,Gasoline,"1,320,000"
405,Hyundai Elantra CN7,2021,"78,000",Black,Automatic,Gasoline,"1,250,000"
406,Chevrolet Optra,2023,"62,000",Dark Red,Automatic,Gasoline,"710,000"
407,Ford Focus,2017,"96,000",Champange,Automatic,Gasoline,"735,000"
408,Jeep Renegade,2021,"127,000",Gray,Automatic,Gasoline,"1,230,000"
409,Mercedes GLC 200,2020,"66,000",White,Automatic,Gasoline,"3,600,000"
410,KIA Grand Cerato,2019,"125,000",Black,Automatic,Gasoline,"1,050,000"
411,Nissan Qashqai,2017,"80,000",Red,Automatic,Gasoline,"860,000"
412,Hyundai Tucson GDI,2019,"68,000",Dark Grey,Automatic,Gasoline,"1,600,000"
413,Volkswagen Passat,2021,"139,000",Cyan,Automatic,Gasoline,"1,810,000"
414,KIA Grand Cerato,2022,"125,000",Dark Grey,Automatic,Gasoline,"1,149,000"
415,Hyundai Creta,2017,"150,000",Silver,Automatic,Gasoline,"900,000"
416,KIA Grand Cerato,2024,500,Silver,Automatic,Gasoline,"1,410,000"
417,KIA Sol,2014,"10,000",Silver,Automatic,Gasoline,"855,000"
418,MG 5,2021,"130,000",Silver,Automatic,Gasoline,"750,000"
419,Toyota Corolla,2008,"156,000",Gray,Automatic,Gasoline,"675,000"
420,Nissan Sunny,2022,"50,000",Black,Automatic,Gasoline,"595,000"
421,Chevrolet Lanos,2014,"80,000",Silver,Manual,Gasoline,"395,000"
422,Suzuki Ciaz,2022,"17,000",Silver,Automatic,Gasoline,"870,000"
423,Chery Arrizo 5,2021,"48,000",Eggplant,Automatic,Gasoline,"660,000"
424,Toyota Corolla,2018,"130,000",Black,Automatic,Gasoline,"960,000"
425,Renault Symbol,2009,"250,000",Silver,Manual,Gasoline,"225,000"
426,Fiat Tipo,2021,"10,000",Black,Automatic,Gasoline,"950,000"
427,Volkswagen Passat,2009,"200,000",Black,Automatic,Gasoline,"575,000"
428,Nissan Centra,2019,"100,000",Gold,Automatic,Gasoline,"720,000"
429,Peugeot 3008,2011,"215,000",Silver,Automatic,Gasoline,"540,000"
430,BYD F3,2025,"4,000",Dark Red,Automatic,Gasoline,"650,000"
431,Hyudai Accent RB,2025,37,dark Grey,Automatic,Gasoline,"970,000"
432,Nissan Qashqai,2018,"120,000",White,Automatic,Gasoline,"950,000"
433,Mercedes C 180,2023,"6,600",Gray,Automatic,Gasoline,"3,000,000"
434,Hyundai Tucson Turbo GDI,2025,25,Dark Blue,Automatic,Gasoline,"2,300,000"
435,Ssang Yong Torres,2024,95000,Silver,Automatic,Gasoline,"2,225,000"
436,KIA Sorento,2023,"135,000",Silver,Automatic,Hybrid,"2,270,000"
437,Mercedes E 200,2021,"35,000",Black,Automatic,Gasoline,"3,700,000"
438,MG 5,2022,"20,000",Silver,Automatic,Gasoline,"795,000"
439,Opel Corsa,2016,"163,000",Silver,Automatic,Gasoline,"570,000"
440,Peugeot 2008,2017,"153,000",Black,Automatic,Gasoline,"670,000"
441,Opel Grandland,2019,"100,000",Dark Grey,Automatic,Gasoline,"1,185,000"
442,Jeep Renegade,2019,"102,000",Red,Automatic,Gasoline,"1,120,000"
443,Jeep Renegade,2017,"90,000",White,Automatic,Gasoline,"1,120,000"
444,BMW 520,2016,"130,000",Silver,Automatic,Gasoline,"1,680,000"
445,Nissan Sunny,2015,"111,000",Silver,Automatic,Gasoline,"575,000"
446,Cupra Formentor,2024,"18,000",Petroleum,Automatic,Gasoline,"2,350,000"
447,Volkswagen Passat,2022,"20,000",White,Automatic,Gasoline,"2,275,000"
448,Suzuki Swift,2024,95000,Dark Blue,Automatic,Gasoline,"875,000"
449,Opel Corsa,2022,"45,000",Dark Grey,Automatic,Gasoline,"975,000"
450,Nissan Juke,2012,"138,000",White,Automatic,Gasoline,"750,000"
451,Skoda Kodiaq,2024,80000,White,Automatic,Gasoline,"3,050,000"
452,Toyota Land Cruiser,2022,80000,White,Automatic,Gasoline,"9,200,000"
453,Hyundai Viva,2008,"200,000",Silver,Manual,Gasoline,"260,000"
454,Fiat Tipo,2022,"24,000",Gray,Automatic,Gasoline,"920,000"
455,Hyundai Tucson,2025,80000,White,Automatic,Gasoline,"2,600,000"
456,Hyundai Elantra CN7,2022,"54,000",Dark Green,Automatic,Gasoline,"1,320,000"
457,Mercedes E 200,2015,"162,000",Black,Automatic,Gasoline,"2,300,000"
458,Peugeot 2008,2019,"81,000",Red,Automatic,Gasoline,"970,000"
459,Skoda Kodiaq,2024,80000,Blue,Automatic,Gasoline,"2,900,000"
460,Volkswagen Passat,2010,"151,000",Silver,Automatic,Gasoline,"675,000"
461,Mitsubishi Xpander Cross,2024,500,White,Automatic,Gasoline,"1,450,000"
462,Nissan Juke,2022,"60,000",Gray,Automatic,Gasoline,"1,035,000"
463,Mitsubishi Lancer EX Shark,2015,"100,000",Black,Automatic,Gasoline,"720,000"
464,Chevrolet Aveo,2020,"80,000",Silver,Automatic,Gasoline,"549,000"
465,Nissan Sunny,2022,"80,000",Dark Grey,Automatic,Gasoline,"670,000"
466,Chery Tiggo 8,2021,"21,000",Black,Automatic,Gasoline,"1,100,000"
467,Mercedes E 200,2014,"216,000",Silver,Automatic,Gasoline,"2,100,000"
468,MG 6,2022,"63,000",Black,Automatic,Gasoline,"1,030,000"
469,Hyundai H1,2011,"250,000",White,Manual,Diesel,"440,000"
470,Nissan Sunny,2022,"45,000",Red,Automatic,Diesel,"575,000"
471,KIA Rio,2015,"235,000",Red,Automatic,Diesel,"660,000"
472,Land Rover Discovery,2021,"4,000",White,Automatic,Hybrid,"3,250,000"
473,Skoda Kodiaq,2025,80000,Black,Automatic,Hybrid,"2,700,000"
474,BYD F3,2010,"145,000",White,Manual,Hybrid,"225,000"
475,Chery Arrizo 5,2023,"49,000",Red,Automatic,Hybrid,"700,000"
476,KIA K8,2022,"17,000",White,Automatic,Hybrid,"3,000,000"
477,Chevrolet Optra,2022,"122,000",Silver,Automatic,Hybrid,"650,000"
478,KIA Sorento,2025,80000,Black,Automatic,Hybrid,"3,250,000"
479,Geely Okavango,2022,"66,000",Silver,Automatic,Hybrid,"1,200,000"
480,KIA Picanto,2010,"200,000",White,Automatic,Hybrid,"460,000"
481,KIA Sorento,2024,"6,900",White,Automatic,Hybrid,"2,885,000"
482,Hyundai Santa Fe,2024,"5,690",White,Automatic,Hybrid,"2,034,000"
483,Hyundai Santa Fe,2024,"4,819",White,Automatic,Hybrid,"2,107,000"
484,Hyundai Santa Fe,2024,"10,490",White,Automatic,Hybrid,"2,071,000"
485,KIA Sporatge,2023,"34,379",White,Automatic,Hybrid,"1,519,000"
486,KIA Sporatge,2023,"12,000",Gray,Automatic,Hybrid,"1,512,000"
487,KIA Sorento,2022,"30,000",Blue,Automatic,Hybrid,"2,300,000"
488,Nissan Xtrail,2024,"10,500",Red,Manual,Hybrid,"2,600,000"
489,KIA Carnival,2024,63000,White,Automatic,Hybrid,"3,850,000"
490,Mercedes E 200,2020,"56,000",White,Automatic,Hybrid,"2,600,000"
491,Mercedes GLC 300,2021,"72,000",White,Automatic,Hybrid,"4,250,000"
492,KIA Sorento,2024,63000,White,Automatic,Hybrid,"4,300,000"
493,Jeep Compass,2023,"24,000",White,Automatic,Hybrid,"2,050,000"
494,Renault Logan,2020,"60,000",Red,Manual,Gasoline,"449,000"
495,Geely Emgrand 7,2014,"110,000",Red,Manual,Gasoline,"295,000"
496,Chevrolet Lanos,2016,"300,000",Dark Grey,Manual,Gasoline,"340,000"
497,Geely Emgrand 7,2015,"270,000",White,Manual,Gasoline,"285,000"
498,Fiat Tipo,2020,"146,000",Brown,Manual,Gasoline,"490,000"
499,Renault Logan,2013,"280,000",Dark Grey,Manual,Gasoline,"299,000"
500,BMW 740,2019,"47,000",Dark Grey,Manual,Gasoline,"4,700,000"
501,Lada Granta,2020,"70,000",Dark Grey,Manual,Gasoline,"340,000"
502,Hyundai Verna,2014,"180,000",Dark Red,Manual,Gasoline,"280,000"
503,BYD F3,2020,"200,000",Black,Manual,Gasoline,"320,000"
504,Chevrolet Lanos,2018,"127,000",Blue,Manual,Gasoline,"190,000"
505,Renault Logan,2017,"85,000",Silver,Manual,Gasoline,"400,000"
506,Chery Arrizo 5,2021,"170,000",Silver,Manual,Gasoline,"575,000"
507,Fiat Tipo,2021,"120,000",White,Manual,Gasoline,"650,000"
508,BYD F3,2018,"217,000",Blue,Manual,Gasoline,"360,000"
509,Chevrolet Lanos,2013,"100,000",Black,Manual,Gasoline,"255,000"
510,Geely Emgrand 7,2018,"130,000",Dark Blue,Manual,Gasoline,"420,000"
511,Nissan Sunny,2013,"164,000",Black,Manual,Gasoline,"400,000"
512,Hyundai Verna,2017,"140,000",White,Manual,Gasoline,"480,000"
513,Skoda Octavia A8,2022,"140,000",White,Manual,Gasoline,"1,750,000"
514,Hyundai Verna,2013,"170,000",Champange,Manual,Gasoline,"350,000"
515,Chevrolet Aveo,2013,"63,000",Drak Grey,Manual,Gasoline,"350,000"
516,Hyundai Verna,2015,"345,000",White,Manual,Gasoline,"350,000"
517,Chevrolet Aveo,2013,"400,000",Black,Manual,Gasoline,"335,000"
518,Renault Logan,2021,"90,000",Gold,Manual,Gasoline,"480,000"
519,Xpeng G9,2024,"1,000",Black,Automatic,Electric,"3,325,000"
520,Volkswagen ID 6,2024,63000,White,Automatic,Electric,"2,500,000"
521,Mercedes EQB 260,2024,"3,000",Silver,Automatic,Electric,"2,600,000"
522,Mercedes EQA,2024,800,Black,Automatic,Electric,"2,325,000"
523,Jac JS4,2019,"41,000",Red,Automatic,Electric,"1,200,000"
524,BMW XI3,2024,"6,200",White,Automatic,Electric,"3,600,000"
525,Mercedes EQE,2024,63000,Black,Automatic,Electric,"3,900,000"
526,Mercedes EQE,2023,"8,000",White,Automatic,Electric,"5,150,000"
527,BMW X3 M,2022,"17,000",Blue,Automatic,Electric,"2,900,000"
528,Volkswagen ID 6,2024,63000,Dark Blue,Automatic,Electric,"2,300,000"
529,Tesla Model Y,2021,"97,000",Petroleum,Automatic,Electric,"2,600,000"
530,Volkswagen ID 4,2023,63000,Silver,Automatic,Electric,"1,885,000"
531,BMW I3,2024,63000,Black,Automatic,Electric,"2,485,000"
532,Volkswagen ID 4,2023,"18,000",Silver,Automatic,Electric,"1,875,000"
533,BMW IX3,2024,"1,400",Black,Automatic,Electric,"3,050,000"
534,Tesla Model 3,2023,"10,000",Red,Automatic,Electric,"3,400,000"
535,Volkswagen ID 4,2024,100,Gray,Automatic,Electric,"2,250,000"
536,Mercedes EQA,2024,63000,Black,Automatic,Electric,"2,400,000"
537,Tesla Model 3,2022,"37,000",White,Automatic,Electric,"2,200,000"
538,BMW I3,2024,"6,300",Blue,Automatic,Electric,"2,300,000"
539,Volkswagen Passat,2010,"151,000",Silver,Automatic,Gasoline,"675,000"
540,Baic X3,2022,"26,000",White,Automatic,Gasoline,"850,000"
541,Nissan Sunny,2014,"134,000",Gold,Automatic,Gasoline,"515,000"
542,KIA Sorento,2023,"13,500",Silver,Automatic,Hybrid,"2,270,000"
543,KIA Sorento,2025,63000,Black,Automatic,Gasoline,"3,260,000"
544,Hyundai Elantra CN7,2022,"79,000",Dark Red,Automatic,Gasoline,"1,270,000"
545,Land Rover Velar,2024,"35,000",Gray,Automatic,Gasoline,"5,700,000"
546,BMW 318,2019,"78,000",Silver,Automatic,Gasoline,"1,525,000"
547,Jeep Renegade,2021,"33,000",Red,Automatic,Gasoline,"1,500,000"
548,Skoda Kodiaq,2020,"92,000",Black,Automatic,Gasoline,"1,800,000"
549,Skoda Superb,2022,"105,000",Silver,Automatic,Gasoline,"1,950,000"
550,BMW X1,2014,"227,000",Silver,Automatic,Gasoline,"990,000"
551,Mercedes E 200,2023,"30,000",Black,Automatic,Gasoline,"4,400,000"
552,Jeep Grand Cherokee,2021,"40,000",Dark Grey,Automatic,Gasoline,"4,000,000"
553,Chery Tiggo 7,2022,"15,000",Dark Grey,Automatic,Gasoline,"955,000"
554,Citroen C5 Aircross,2023,"50,000",Silver,Automatic,Gasoline,"1,720,000"
555,Citroen C4,2024,10,White,Automatic,Gasoline,"1,700,000"
556,Mercedes GLC 300,2025,63000,White,Automatic,Gasoline,"5,500,000"
557,BMW 328,2015,"155,000",Black,Automatic,Gasoline,"1,400,000"
558,Volkswagen Teramont,2024,63000,White,Automatic,Gasoline,"6,000,000"
559,Volkswagen Passat,2019,"70,000",White,Automatic,Gasoline,"1,400,000"
560,Mercedes E 250,2017,22000,Black,Automatic,Gasoline,"3,800,000"
561,Honda Odyssey,2018,"80,000",Black,Automatic,Gasoline,"2,950,000"
562,Chery Tiggo 3,2023,36000,Blue,Automatic,Gasoline,"760,000"
563,Jeep Grand Cherokee,2011,"52,000",Red,Automatic,Gasoline,"1,300,000"
564,Mercedes CLA 200,2022,70000,Silver,Automatic,Gasoline,"2,380,000"
565,Skoda Kodiaq,2019,"106,000",Gray,Automatic,Gasoline,"1,650,000"
566,MG Rx5,2019,90000,Black,Automatic,Gasoline,"950,000"
567,Renault Kadjar,2019,"107,000",White,Automatic,Gasoline,"1,190,000"
568,Fiat Tipo,2020,250000,Dark Red,Manual,Gasoline,"500,000"
569,Hyundai Elantra AD,2020,"80,000",Gold,Automatic,Gasoline,"860,000"
570,Skoda Octivia A8,2022,43000,Blue,Automatic,Gasoline,"1,550,000"
571,Seat Lbiza,2021,"130,000",Blue,Automatic,Gasoline,"1,070,000"
572,Opel Astra,2016,"140,000",Gray,Automatic,Gasoline,"715,000"
573,Mercedes C 180,2024,63000,Black,Automatic,Gasoline,"4,000,000"
574,MG 5,2022,"115,000",Black,Automatic,Gasoline,"760,000"
575,Nissan Sunny,2016,"300,000",Black,Automatic,Gasoline,"445,000"
576,Toyota Yaris,2017,"115,000",White,Automatic,Gasoline,"675,000"
577,Ssang Yong Tivoil XLV,2018,"97,000",Silver,Automatic,Gasoline,"795,000"
578,Speranza A113,2009,"161,000",Dark Blue,Manual,Gasoline,"150,000"
579,KIA Ceed,2016,"178,000",Eggplant,Automatic,Gasoline,"680,000"
580,Suzuki Ciaz,2024,"6,000",Silver,Automatic,Gasoline,"840,000"
581,Chery Tiggo 7,2023,"18,900",Dark Grey,Automatic,Gasoline,"930,000"
582,KIA Sporatge,2014,"138,000",Silver,Automatic,Gasoline,"970,000"
583,KIA Picanto,2008,"179,000",Black,Automatic,Gasoline,"395,000"
584,MG 6,2022,"59,000",White,Automatic,Gasoline,"1,085,000"
585,Toyota Corolla,2022,"60,000",Petroleum,Automatic,Gasoline,"1,145,000"
586,Hyundai Elantra AD,2019,"70,000",Black,Automatic,Gasoline,"945,000"
587,Hyundai Elantra HD,2021,"65,000",Silver,Automatic,Gasoline,"1,000,000"
588,Subaru XV,2017,"190,000",Blue,Automatic,Gasoline,"1,000,000"
589,BMW 116,2009,"270,000",Red,Automatic,Gasoline,"660,000"
590,Hyundai Tucson GDI,2019,"95,000",White,Automatic,Gasoline,"1,440,000"
591,MG 5,2021,"106,000",Silver,Automatic,Gasoline,"755,000"
592,BYD L3,2022,"165,000",Silver,Automatic,Gasoline,"510,000"
593,KIA Sporatge,2020,"85,000",Dark Blue,Automatic,Gasoline,"1,570,000"
594,Hyundai Elantra HD,2017,"145,000",Silver,Automatic,Gasoline,"675,000"
595,KIA Picanto,2015,"70,000",Silver,Automatic,Gasoline,"535,000"
596,Mitsubishi Lancer EX Shark,2015,"120,000",Black,Automatic,Gasoline,"660,000"
597,Ssang Yong Torres,2024,"4,000",White,Automatic,Gasoline,"1,900,000"
598,KIA Cerato,2011,"200,000",Red,Automatic,Gasoline,"665,000"
599,Hyundai Elantra HD,2020,"80,000",Bronze,Automatic,Gasoline,"700,000"
